<?xml version="1.0" encoding="UTF-8"?>
<polygons num="120">
	<polygon num="16">
		<x>14,11,9,9,3,-1,-3,-7,-7,-14,-10,-7,-2,-1,8,13</x>
		<y>-7,-5,0,3,3,7,10,9,4,1,-3,-3,-5,-8,-8,-7</y>
	</polygon>
	<polygon num="17">
		<x>14,11,9,9,3,-1,-4,-7,-7,-10,-15,-10,-7,1,4,9,12</x>
		<y>-7,-5,0,3,3,7,9,9,3,3,0,-3,-3,-8,-8,-7,-7</y>
	</polygon>
	<polygon num="16">
		<x>15,12,9,6,0,-1,-4,-8,-10,-14,-10,-5,-2,1,4,14</x>
		<y>-6,-4,1,3,3,8,9,8,3,0,-4,-3,-6,-8,-8,-6</y>
	</polygon>
	<polygon num="18">
		<x>15,12,9,8,-1,-2,-5,-8,-8,-13,-16,-13,-10,-7,-2,1,4,14</x>
		<y>-5,-4,1,4,4,8,9,8,2,-1,-2,-2,-4,-4,-6,-8,-8,-6</y>
	</polygon>
	<polygon num="15">
		<x>15,12,9,6,3,-5,-8,-8,-13,-16,-9,-4,-1,2,11</x>
		<y>-5,-3,2,4,4,9,8,2,-1,-2,-5,-4,-7,-8,-6</y>
	</polygon>
	<polygon num="13">
		<x>15,10,9,3,-5,-9,-10,-14,-9,-4,-1,2,12</x>
		<y>-4,-1,4,4,9,7,2,-2,-5,-4,-7,-8,-5</y>
	</polygon>
	<polygon num="16">
		<x>15,12,9,6,1,-3,-7,-9,-11,-15,-10,-4,0,3,7,11</x>
		<y>-4,-3,2,4,4,8,8,5,0,-3,-4,-4,-7,-8,-7,-5</y>
	</polygon>
	<polygon num="16">
		<x>15,12,9,6,1,-3,-7,-9,-11,-15,-12,-9,-6,-1,2,14</x>
		<y>-3,-2,3,5,4,8,8,5,0,-4,-4,-6,-5,-6,-8,-4</y>
	</polygon>
	<polygon num="15">
		<x>15,12,9,6,1,-3,-7,-9,-10,-14,-9,-5,0,6,11</x>
		<y>-3,-2,3,5,4,8,8,5,0,-4,-6,-5,-7,-7,-4</y>
	</polygon>
	<polygon num="16">
		<x>15,12,9,6,1,-3,-6,-9,-9,-13,-9,-4,0,3,7,11</x>
		<y>-2,-1,4,5,4,7,8,6,0,-4,-6,-5,-7,-7,-6,-4</y>
	</polygon>
	<polygon num="16">
		<x>15,12,9,6,1,-3,-6,-9,-9,-12,-9,-4,1,4,7,12</x>
		<y>-2,-1,4,5,4,7,8,6,0,-4,-6,-5,-7,-7,-6,-3</y>
	</polygon>
	<polygon num="17">
		<x>15,12,9,6,3,-2,-6,-9,-9,-10,-13,-8,-3,1,4,7,12</x>
		<y>-1,0,4,6,5,5,8,6,3,-1,-5,-7,-5,-7,-7,-6,-3</y>
	</polygon>
	<polygon num="16">
		<x>15,12,8,5,0,-4,-8,-10,-10,-13,-8,-5,0,3,6,14</x>
		<y>0,1,5,6,4,7,7,4,-2,-6,-7,-6,-6,-7,-6,-1</y>
	</polygon>
	<polygon num="15">
		<x>15,12,8,5,2,-7,-10,-10,-13,-8,-4,0,3,6,13</x>
		<y>0,1,5,6,5,7,4,-2,-7,-7,-6,-6,-7,-6,-1</y>
	</polygon>
	<polygon num="16">
		<x>14,11,8,5,2,-7,-10,-7,-10,-12,-9,-6,-1,2,6,9</x>
		<y>0,1,5,6,5,7,4,-1,-3,-7,-7,-8,-5,-7,-6,-3</y>
	</polygon>
	<polygon num="15">
		<x>14,11,7,3,-2,-5,-8,-10,-9,-11,-6,-1,2,6,13</x>
		<y>1,2,6,6,5,7,6,3,-2,-7,-8,-5,-7,-6,0</y>
	</polygon>
	<polygon num="16">
		<x>14,11,7,4,1,-4,-8,-10,-8,-10,-7,-4,2,5,8,11</x>
		<y>2,3,6,7,5,6,6,3,-2,-7,-8,-7,-7,-6,-4,-1</y>
	</polygon>
	<polygon num="13">
		<x>13,5,2,-7,-10,-7,-9,-10,-6,-3,3,8,11</x>
		<y>2,7,6,6,3,-2,-5,-8,-8,-7,-7,-4,0</y>
	</polygon>
	<polygon num="14">
		<x>13,10,6,3,-1,-5,-8,-10,-8,-9,-3,2,5,11</x>
		<y>3,4,7,7,4,6,5,2,-3,-8,-8,-6,-6,0</y>
	</polygon>
	<polygon num="14">
		<x>12,7,4,1,-5,-8,-10,-7,-9,-4,1,4,7,10</x>
		<y>3,6,7,6,6,5,2,-3,-9,-9,-6,-6,-4,0</y>
	</polygon>
	<polygon num="12">
		<x>12,4,-4,-7,-10,-7,-8,-8,-3,2,5,11</x>
		<y>4,7,5,6,2,-3,-6,-10,-9,-6,-6,2</y>
	</polygon>
	<polygon num="12">
		<x>11,6,3,-2,-6,-9,-9,-7,-2,3,6,10</x>
		<y>3,6,7,4,6,3,0,-10,-9,-6,-5,1</y>
	</polygon>
	<polygon num="11">
		<x>11,3,-8,-10,-5,-7,-7,-2,3,6,8</x>
		<y>4,7,4,1,-2,-5,-10,-9,-6,-5,-1</y>
	</polygon>
	<polygon num="12">
		<x>10,5,2,-2,-5,-8,-9,-6,-6,4,7,9</x>
		<y>4,7,8,4,5,3,0,-5,-11,-6,-3,2</y>
	</polygon>
	<polygon num="12">
		<x>10,2,-2,-5,-8,-9,-6,-5,-1,4,7,9</x>
		<y>5,8,4,5,3,0,-5,-10,-9,-6,-2,3</y>
	</polygon>
	<polygon num="11">
		<x>9,2,-1,-6,-9,-5,-6,-4,5,7,8</x>
		<y>5,8,6,5,1,-3,-6,-11,-6,-2,2</y>
	</polygon>
	<polygon num="11">
		<x>8,8,1,-3,-7,-9,-4,-5,-4,5,7</x>
		<y>3,6,8,4,4,0,-3,-6,-11,-6,-2</y>
	</polygon>
	<polygon num="10">
		<x>8,1,-3,-7,-8,-3,1,5,7,7</x>
		<y>6,8,4,4,1,-11,-9,-5,-1,2</y>
	</polygon>
	<polygon num="12">
		<x>7,7,2,-1,-5,-8,-8,-4,-4,-2,1,5</x>
		<y>0,6,8,8,4,2,-1,-5,-8,-11,-9,-5</y>
	</polygon>
	<polygon num="11">
		<x>6,6,2,-1,-5,-8,-8,-4,-4,-1,5</x>
		<y>-4,5,8,8,4,2,-1,-4,-7,-12,-5</y>
	</polygon>
	<polygon num="12">
		<x>6,6,5,2,-2,-5,-8,-7,-3,-2,0,3</x>
		<y>-4,2,7,8,8,3,1,-2,-6,-9,-12,-8</y>
	</polygon>
	<polygon num="10">
		<x>6,6,5,5,1,-2,-7,-6,0,3</x>
		<y>-4,-1,4,7,8,8,0,-3,-11,-9</y>
	</polygon>
	<polygon num="9">
		<x>6,6,4,1,-2,-7,-6,1,4</x>
		<y>-4,-1,7,8,8,0,-3,-11,-8</y>
	</polygon>
	<polygon num="8">
		<x>6,6,3,-2,-7,-6,2,5</x>
		<y>-4,-1,8,8,1,-3,-11,-7</y>
	</polygon>
	<polygon num="11">
		<x>6,6,3,0,-4,-7,-6,-1,0,3,5</x>
		<y>-4,-1,7,8,7,0,-3,-6,-9,-11,-8</y>
	</polygon>
	<polygon num="11">
		<x>6,6,5,2,-1,-5,-6,-6,-1,0,4</x>
		<y>-7,-1,2,7,8,7,2,-2,-5,-9,-11</y>
	</polygon>
	<polygon num="10">
		<x>6,6,1,-2,-5,-6,-6,-1,0,5</x>
		<y>-7,-1,8,8,7,2,-2,-5,-8,-11</y>
	</polygon>
	<polygon num="9">
		<x>7,6,0,-3,-5,-6,-6,-4,3</x>
		<y>-6,-1,8,8,5,2,-1,-4,-9</y>
	</polygon>
	<polygon num="12">
		<x>7,7,6,4,0,-3,-6,-6,-4,0,2,6</x>
		<y>-10,-7,-2,2,6,7,6,0,-3,-6,-9,-10</y>
	</polygon>
	<polygon num="10">
		<x>8,4,0,-3,-6,-6,-5,-1,2,7</x>
		<y>-5,2,6,7,6,3,-2,-5,-9,-10</y>
	</polygon>
	<polygon num="10">
		<x>8,8,7,5,-2,-5,-7,-5,-3,5</x>
		<y>-10,-6,-3,0,7,7,4,-1,-4,-9</y>
	</polygon>
	<polygon num="9">
		<x>9,8,6,-2,-5,-7,-5,2,7</x>
		<y>-10,-5,-1,7,7,4,-1,-7,-9</y>
	</polygon>
	<polygon num="8">
		<x>10,9,-3,-6,-7,-4,3,8</x>
		<y>-9,-4,7,7,3,-2,-8,-9</y>
	</polygon>
	<polygon num="9">
		<x>10,9,-2,-5,-8,-7,-4,3,6</x>
		<y>-9,-4,6,7,5,2,-2,-7,-8</y>
	</polygon>
	<polygon num="8">
		<x>11,9,2,-4,-7,-8,5,9</x>
		<y>-9,-4,3,7,6,3,-8,-8</y>
	</polygon>
	<polygon num="9">
		<x>12,9,5,-5,-8,-8,-1,6,10</x>
		<y>-8,-3,1,7,5,2,-4,-8,-8</y>
	</polygon>
	<polygon num="8">
		<x>12,10,-2,-7,-9,-7,6,11</x>
		<y>-8,-3,5,7,4,1,-8,-8</y>
	</polygon>
	<polygon num="9">
		<x>13,10,-2,-5,-8,-9,-2,6,11</x>
		<y>-7,-2,5,6,6,3,-3,-7,-7</y>
	</polygon>
	<polygon num="7">
		<x>13,10,-5,-8,-10,-7,8</x>
		<y>-7,-2,6,6,3,0,-7</y>
	</polygon>
	<polygon num="9">
		<x>14,6,-6,-9,-11,-1,3,7,12</x>
		<y>-6,1,6,6,3,-4,-5,-7,-6</y>
	</polygon>
	<polygon num="7">
		<x>14,3,-7,-10,-10,7,12</x>
		<y>-6,3,6,5,2,-7,-6</y>
	</polygon>
	<polygon num="10">
		<x>15,10,7,3,-4,-10,-12,0,7,12</x>
		<y>-5,-2,1,3,5,5,2,-4,-6,-5</y>
	</polygon>
	<polygon num="9">
		<x>15,11,8,-5,-11,-12,0,8,13</x>
		<y>-5,-1,1,5,5,2,-4,-6,-5</y>
	</polygon>
	<polygon num="9">
		<x>15,11,-6,-11,-12,0,3,8,13</x>
		<y>-4,0,5,4,1,-4,-4,-6,-4</y>
	</polygon>
	<polygon num="9">
		<x>15,11,-1,-12,-13,0,3,8,13</x>
		<y>-4,0,4,4,1,-4,-4,-5,-4</y>
	</polygon>
	<polygon num="11">
		<x>16,4,-1,-4,-9,-12,-13,0,6,9,14</x>
		<y>-3,3,3,4,4,3,0,-4,-4,-5,-3</y>
	</polygon>
	<polygon num="13">
		<x>16,11,8,4,-2,-5,-9,-13,-13,0,6,9,14</x>
		<y>-2,0,2,3,3,4,4,3,0,-4,-4,-5,-3</y>
	</polygon>
	<polygon num="12">
		<x>16,13,10,5,-1,-5,-8,-13,-14,1,10,15</x>
		<y>-2,-1,2,3,3,4,4,2,-1,-4,-4,-2</y>
	</polygon>
	<polygon num="12">
		<x>16,13,10,-8,-13,-14,-5,-2,1,6,9,14</x>
		<y>-1,0,3,3,2,-1,-3,-3,-4,-3,-4,-2</y>
	</polygon>
	<polygon num="11">
		<x>16,13,10,-8,-13,-14,-11,-7,5,10,15</x>
		<y>-1,0,3,3,1,-2,-2,-3,-3,-4,-1</y>
	</polygon>
	<polygon num="9">
		<x>16,13,10,-8,-13,-14,-9,10,14</x>
		<y>0,1,3,3,1,-2,-3,-3,-1</y>
	</polygon>
	<polygon num="10">
		<x>16,13,10,4,-1,-7,-12,-14,10,15</x>
		<y>0,1,4,4,3,3,0,-3,-3,0</y>
	</polygon>
	<polygon num="12">
		<x>16,13,10,5,2,-13,-14,-8,-4,1,10,14</x>
		<y>1,2,4,3,4,0,-3,-3,-4,-3,-3,0</y>
	</polygon>
	<polygon num="12">
		<x>16,11,7,1,-9,-14,-14,-3,2,5,10,15</x>
		<y>2,2,4,4,2,-1,-4,-4,-3,-3,-2,1</y>
	</polygon>
	<polygon num="10">
		<x>16,9,4,0,-8,-13,-14,-2,8,13</x>
		<y>2,5,4,4,2,-1,-4,-4,-2,1</y>
	</polygon>
	<polygon num="12">
		<x>16,11,8,2,-10,-15,-14,-9,-3,7,10,14</x>
		<y>3,3,4,4,1,-2,-5,-4,-4,-2,-2,2</y>
	</polygon>
	<polygon num="11">
		<x>15,10,0,-9,-14,-14,-11,-6,-3,10,14</x>
		<y>3,4,4,1,-2,-5,-5,-4,-4,-1,3</y>
	</polygon>
	<polygon num="10">
		<x>15,10,6,-8,-13,-14,-9,-6,10,14</x>
		<y>4,4,5,1,-2,-6,-5,-5,-1,3</y>
	</polygon>
	<polygon num="9">
		<x>15,5,-9,-14,-14,-11,3,10,13</x>
		<y>5,5,0,-3,-6,-6,-3,0,3</y>
	</polygon>
	<polygon num="9">
		<x>15,4,0,-7,-15,-14,3,10,13</x>
		<y>5,5,4,1,-4,-7,-3,0,4</y>
	</polygon>
	<polygon num="8">
		<x>14,9,0,-15,-12,3,8,12</x>
		<y>5,6,4,-5,-7,-3,0,4</y>
	</polygon>
	<polygon num="8">
		<x>14,6,-1,-13,-13,-2,10,13</x>
		<y>6,6,4,-4,-8,-5,1,5</y>
	</polygon>
	<polygon num="9">
		<x>13,8,1,-7,-11,-15,-13,-9,10</x>
		<y>6,7,5,0,-4,-6,-9,-7,1</y>
	</polygon>
	<polygon num="9">
		<x>13,7,1,-8,-12,-13,-1,9,12</x>
		<y>7,7,5,-1,-5,-9,-5,1,6</y>
	</polygon>
	<polygon num="9">
		<x>12,7,3,-5,-13,-12,4,8,10</x>
		<y>7,7,6,1,-6,-9,-2,1,4</y>
	</polygon>
	<polygon num="7">
		<x>12,6,-2,-14,-12,8,10</x>
		<y>8,8,3,-7,-10,1,4</y>
	</polygon>
	<polygon num="13">
		<x>11,5,0,-8,-11,-14,-11,-6,-3,2,5,8,10</x>
		<y>8,8,5,-2,-6,-8,-10,-7,-6,-3,0,1,4</y>
	</polygon>
	<polygon num="7">
		<x>10,10,4,-12,-11,4,7</x>
		<y>3,8,8,-7,-11,-2,1</y>
	</polygon>
	<polygon num="10">
		<x>10,10,5,0,-11,-10,-6,-3,0,7</x>
		<y>4,9,8,5,-7,-11,-8,-7,-5,1</y>
	</polygon>
	<polygon num="10">
		<x>10,9,4,0,-3,-12,-9,-6,-2,8</x>
		<y>4,9,9,5,3,-9,-11,-8,-7,2</y>
	</polygon>
	<polygon num="10">
		<x>10,8,3,0,-3,-12,-9,-6,-2,8</x>
		<y>5,10,9,5,3,-10,-12,-9,-7,2</y>
	</polygon>
	<polygon num="10">
		<x>10,7,2,-4,-8,-11,-8,-5,-2,7</x>
		<y>5,10,9,0,-4,-11,-12,-8,-7,2</y>
	</polygon>
	<polygon num="11">
		<x>9,9,7,2,-4,-8,-10,-8,-5,-1,6</x>
		<y>4,7,10,9,0,-4,-9,-12,-9,-7,1</y>
	</polygon>
	<polygon num="8">
		<x>10,6,1,-10,-7,-5,-1,7</x>
		<y>6,10,9,-10,-13,-10,-8,2</y>
	</polygon>
	<polygon num="9">
		<x>9,5,1,-9,-9,-6,-4,-1,7</x>
		<y>5,11,9,-9,-12,-13,-9,-8,2</y>
	</polygon>
	<polygon num="10">
		<x>9,8,4,0,-7,-9,-6,-4,0,7</x>
		<y>5,8,11,9,-4,-11,-13,-10,-8,3</y>
	</polygon>
	<polygon num="12">
		<x>9,6,4,0,-7,-8,-8,-5,-2,1,3,6</x>
		<y>6,8,11,9,-5,-9,-12,-13,-8,-7,-2,2</y>
	</polygon>
	<polygon num="12">
		<x>8,8,3,-1,-2,-6,-7,-7,-4,-1,2,7</x>
		<y>4,7,10,9,5,-2,-5,-11,-13,-8,-5,3</y>
	</polygon>
	<polygon num="12">
		<x>8,8,4,1,-2,-7,-7,-4,-3,1,4,7</x>
		<y>5,8,9,11,8,-5,-11,-14,-11,-8,0,3</y>
	</polygon>
	<polygon num="13">
		<x>8,8,5,1,-2,-2,-6,-6,-3,-2,1,4,7</x>
		<y>5,8,9,12,9,4,-2,-13,-14,-10,-8,0,4</y>
	</polygon>
	<polygon num="14">
		<x>8,8,5,0,-3,-3,-6,-6,-5,-2,-2,1,4,6</x>
		<y>5,8,9,12,8,2,-2,-8,-13,-14,-11,-8,0,3</y>
	</polygon>
	<polygon num="14">
		<x>7,7,4,-1,-3,-4,-4,-6,-6,-5,-2,-1,2,4</x>
		<y>5,8,9,12,9,6,0,-3,-7,-12,-14,-11,-8,0</y>
	</polygon>
	<polygon num="12">
		<x>7,7,-1,-4,-4,-6,-6,-4,-1,-1,2,4</x>
		<y>5,8,11,8,2,-2,-7,-14,-14,-11,-8,0</y>
	</polygon>
	<polygon num="14">
		<x>7,6,0,-3,-5,-4,-6,-6,-3,0,0,4,4,6</x>
		<y>6,9,9,11,7,2,-2,-6,-14,-14,-11,-7,1,4</y>
	</polygon>
	<polygon num="14">
		<x>7,6,3,-2,-5,-5,-4,-6,-3,1,1,4,4,6</x>
		<y>6,9,10,10,8,5,0,-3,-13,-14,-8,-7,1,4</y>
	</polygon>
	<polygon num="14">
		<x>6,6,5,0,-4,-6,-5,-5,-2,1,1,5,4,4</x>
		<y>4,7,10,9,11,7,3,-7,-14,-14,-11,-7,-2,4</y>
	</polygon>
	<polygon num="16">
		<x>6,6,3,-2,-5,-6,-5,-6,-5,-2,2,2,5,5,4,5</x>
		<y>5,8,10,9,11,7,2,-3,-7,-12,-14,-8,-7,-4,-1,4</y>
	</polygon>
	<polygon num="15">
		<x>6,6,3,-2,-6,-7,-5,-6,-5,0,3,3,5,4,4</x>
		<y>5,8,10,9,11,6,2,-3,-6,-14,-14,-8,-5,-1,5</y>
	</polygon>
	<polygon num="15">
		<x>6,5,2,6,5,2,-3,-6,-7,-5,-6,-5,-1,4,2</x>
		<y>-6,-2,3,5,9,10,9,10,7,1,-3,-6,-12,-14,-10</y>
	</polygon>
	<polygon num="15">
		<x>6,6,4,5,5,3,-5,-8,-5,-6,-5,-3,0,4,3</x>
		<y>-6,-3,0,5,8,11,9,5,1,-3,-6,-9,-12,-14,-10</y>
	</polygon>
	<polygon num="15">
		<x>7,6,3,5,5,2,-3,-8,-8,-5,-6,-3,1,5,5</x>
		<y>-6,-3,2,5,8,11,9,10,5,1,-4,-9,-12,-13,-7</y>
	</polygon>
	<polygon num="15">
		<x>7,7,3,5,4,1,-4,-9,-8,-6,-6,-4,2,5,5</x>
		<y>-6,-3,1,6,9,10,9,10,5,1,-4,-7,-13,-13,-7</y>
	</polygon>
	<polygon num="15">
		<x>7,4,7,7,5,5,4,1,-3,-9,-9,-6,-6,-4,3</x>
		<y>-13,-10,-6,-3,0,6,9,11,9,9,4,1,-4,-7,-13</y>
	</polygon>
	<polygon num="14">
		<x>8,7,3,5,4,1,-3,-9,-9,-6,-4,4,7,5</x>
		<y>-5,-2,2,6,9,11,9,9,4,1,-7,-13,-13,-10</y>
	</polygon>
	<polygon num="15">
		<x>8,5,8,7,3,4,3,0,-5,-11,-9,-5,-5,-2,5</x>
		<y>-12,-7,-5,-2,2,6,10,11,8,8,3,0,-6,-9,-13</y>
	</polygon>
	<polygon num="16">
		<x>9,5,8,8,4,4,3,0,-5,-11,-9,-6,-5,-3,4,8</x>
		<y>-12,-9,-5,-2,1,6,9,11,8,8,3,0,-5,-8,-12,-12</y>
	</polygon>
	<polygon num="14">
		<x>9,6,8,8,5,3,0,-9,-12,-10,-6,-5,-3,5</x>
		<y>-12,-9,-5,-2,1,9,11,7,8,3,0,-5,-8,-12</y>
	</polygon>
	<polygon num="13">
		<x>10,7,9,5,2,-1,-8,-13,-10,-5,-5,-3,6</x>
		<y>-11,-6,-2,1,10,11,7,7,2,-1,-5,-8,-12</y>
	</polygon>
	<polygon num="15">
		<x>10,7,8,7,4,3,1,-3,-8,-13,-10,-7,-5,-2,7</x>
		<y>-11,-6,-3,0,2,7,10,10,7,7,2,0,-5,-8,-12</y>
	</polygon>
	<polygon num="15">
		<x>11,7,9,9,1,3,1,-2,-5,-13,-10,-6,-5,-2,9</x>
		<y>-11,-8,-4,-1,4,7,10,11,8,6,1,-1,-6,-8,-12</y>
	</polygon>
	<polygon num="14">
		<x>11,8,9,2,3,1,-3,-7,-12,-10,-6,-5,-2,7</x>
		<y>-10,-5,-1,3,7,10,10,7,6,1,-1,-6,-8,-11</y>
	</polygon>
	<polygon num="16">
		<x>12,8,9,9,2,2,1,-2,-5,-9,-14,-10,-7,-4,0,9</x>
		<y>-10,-8,-4,-1,3,6,9,10,9,6,5,1,-1,-6,-9,-11</y>
	</polygon>
	<polygon num="13">
		<x>12,9,9,5,0,-4,-8,-13,-11,-3,-3,1,10</x>
		<y>-9,-4,-1,2,10,10,6,5,1,-4,-7,-9,-11</y>
	</polygon>
	<polygon num="15">
		<x>12,9,9,5,0,-4,-8,-13,-11,-6,-4,-1,2,5,9</x>
		<y>-9,-4,-1,2,10,10,6,4,0,-2,-6,-8,-9,-9,-10</y>
	</polygon>
	<polygon num="17">
		<x>13,9,9,6,3,1,-2,-5,-8,-13,-11,-6,-4,-1,2,5,10</x>
		<y>-9,-7,-1,2,3,8,10,10,5,4,0,-2,-6,-8,-9,-9,-10</y>
	</polygon>
	<polygon num="17">
		<x>13,9,10,7,3,1,-2,-5,-6,-9,-14,-11,-7,-3,0,3,9</x>
		<y>-8,-4,-1,2,3,8,10,10,7,5,3,0,-2,-6,-8,-9,-9</y>
	</polygon>
	<polygon num="15">
		<x>13,9,9,6,3,1,-2,-5,-7,-15,-8,-4,-3,3,9</x>
		<y>-9,-6,0,2,3,8,10,10,5,3,-2,-3,-7,-9,-9</y>
	</polygon>
	<polygon num="16">
		<x>14,11,9,9,4,0,-2,-6,-9,-14,-10,-5,-3,4,9,13</x>
		<y>-7,-6,-1,2,3,7,10,9,4,2,-2,-3,-7,-9,-8,-9</y>
	</polygon>
	<polygon num="15">
		<x>14,11,9,9,5,0,-2,-6,-9,-14,-10,-6,-3,0,12</x>
		<y>-7,-6,-1,2,3,6,10,9,4,2,-2,-3,-7,-8,-8</y>
	</polygon>
	<polygon num="14">
		<x>14,10,9,7,1,0,-3,-7,-10,-15,-10,-2,-1,13</x>
		<y>-8,-5,0,3,3,8,10,9,4,1,-2,-5,-8,-8</y>
	</polygon>
</polygons>
