<?xml version='1.0' encoding='UTF-8'?>
<outfit name="Za'lek Light Drone Micro Bay">
 <general>
  <shortname>Z. L. Drone miB.</shortname>
  <slot prop="fighter_bay">weapon</slot>
  <size>small</size>
  <license>Light Combat Vessel</license>
  <cond>faction.playerStanding("Za'lek") &gt;= 10</cond>
  <condstr>You need at least 10 reputation with House Za'lek.</condstr>
  <rarity>2</rarity>
  <mass>40</mass>
  <price>400000</price>
  <gfx_store>zalek_drone_light_fighter.webp</gfx_store>
  <description>This tiny bay is capable of housing only a pair of the Za'lek's Light Drones, allowing it to be used on even tiny ships, including those carried by others.</description>
  <cpu>-70</cpu>
 </general>
 <specific type="fighter bay" secondary="1">
  <delay>2</delay>
  <reload_time>60</reload_time>
  <amount>2</amount>
  <ship>Za'lek Light Drone</ship>
  <ship_mass>10</ship_mass>
 </specific>
</outfit>