<?xml version='1.0' encoding='UTF-8'?>
<outfit name="Za'lek Subcarrier Drone Mini Bay">
 <general>
  <shortname>Z. Sc. Drone mB.</shortname>
  <slot prop="fighter_bay">weapon</slot>
  <size>medium</size>
  <license>Light Combat Vessel</license>
  <cond>faction.playerStanding("Za'lek") &gt;= 40</cond>
  <condstr>You need at least 40 reputation with House Za'lek.</condstr>
  <rarity>2</rarity>
  <mass>105</mass>
  <price>1400000</price>
  <gfx_store>zalek_drone_heavy_fighter.webp</gfx_store>
  <description>This bay operates a pair of subcarrier drones, which can each manage a pair of Za'lek light drones, contributing significant swarming potential to the fleet. However, the drones take a substantial amount of time to fabricate, and they're quite heavy. The entire system also takes a considerable amount of computational power, and the drones require a substantial amount of fabrication time. It comes with all the devices required for the maintenance and flight of the drones.</description>
  <cpu>-195</cpu>
 </general>
 <specific type="fighter bay" secondary="1">
  <delay>8</delay>
  <reload_time>130</reload_time>
  <amount>2</amount>
  <ship>Za'lek Subcarrier Drone</ship>
  <ship_mass>40</ship_mass>
 </specific>
</outfit>