<?xml version='1.0' encoding='UTF-8'?>
<ship name="Za'lek Subcarrier Drone">
 <lua>ships/lua/zalek.lua</lua>
 <points>40</points>
 <base_type path="zalek_drone_subcarrier">Za'lek Subcarrier Drone</base_type>
 <gfx size="44">zalek_drone_subcarrier</gfx>
 <sound>engine_zalek</sound>
 <class display="Robotic Fighter">Fighter</class>
 <price>350000</price>
 <time_mod>0.75</time_mod>
 <trail_generator x="-11" y="0" h="0">nebula</trail_generator>
 <trail_generator x="-11" y="0" h="0">zalekS</trail_generator>
 <fabricator>Za'lek Robotics</fabricator>
 <description>A drone with its own drone bays. Suck it, Endless Sky! Let's see you do this!</description>
 <movement>
  <accel>140</accel>
  <speed>300</speed>
  <turn>110</turn>
 </movement>
 <health>
  <absorb>7</absorb>
  <armour>60</armour>
  <shield>220</shield>
  <shield_regen>16</shield_regen>
  <energy>150</energy>
  <energy_regen>13</energy_regen>
 </health>
 <characteristics>
  <crew>1</crew>
  <mass>160</mass>
  <fuel>100</fuel>
  <cargo>0</cargo>
  <fuel_consumption>1</fuel_consumption>
  <cpu>95</cpu>
 </characteristics>
 <slots>
  <weapon size="small" x="15" y="-5" h="2">Razor Artillery S2</weapon>
  <weapon size="small" prop="fighter_bay" x="0" y="10" h="0">Za'lek Light Drone Micro Bay</weapon>
  <utility size="small" />
  <utility size="small" />
  <structure size="small" />
  <structure size="small" />
  <structure size="small" />
 </slots>
 <stats>
  <fwd_damage>-20</fwd_damage>
  <tur_damage>-20</tur_damage>
  <launch_damage>-20</launch_damage>
 </stats>
 <tags>
  <tag>noplayer</tag>
  <tag>noequip</tag>
  <tag>zalek</tag>
  <tag>drone</tag>
 </tags>
</ship>